ID,default
3,1
8,0
12,0
24,0
34,0
35,0
39,0
40,0
42,0
48,0
53,1
59,0
62,1
65,0
67,0
70,0
72,0
74,0
78,1
80,0
82,0
83,1
84,0
85,1
88,0
89,0
91,0
92,0
97,1
103,0
111,0
112,0
118,0
120,0
131,0
133,0
135,0
136,1
140,0
142,1
148,1
150,0
154,0
155,1
157,0
158,1
160,0
166,0
170,1
174,0
179,0
180,0
187,0
205,1
208,0
210,0
211,0
212,1
214,0
217,1
221,0
223,0
228,0
230,0
235,0
239,0
240,0
247,0
248,0
254,0
258,0
261,1
263,0
265,0
268,1
276,0
282,0
283,0
285,1
286,1
293,0
297,0
299,1
312,1
313,0
317,0
321,1
323,0
325,0
336,1
337,1
339,1
347,0
351,0
355,1
365,0
373,1
376,0
383,0
390,0
393,0
395,1
396,0
399,0
400,0
407,0
409,0
414,0
415,0
418,0
425,1
426,0
427,0
431,1
433,0
437,0
441,1
443,0
446,0
449,0
450,0
458,0
460,0
462,1
463,0
472,0
480,0
484,0
487,0
493,0
494,0
495,0
503,0
505,1
523,0
524,0
529,0
537,1
541,0
546,0
548,0
552,0
560,0
564,1
565,0
566,0
568,0
573,0
579,0
580,0
586,0
587,0
592,0
593,0
595,0
601,0
605,0
607,0
616,1
617,0
623,0
627,1
629,0
631,0
632,0
636,0
638,0
641,0
642,0
645,1
654,1
655,1
656,0
657,0
660,0
662,1
665,1
672,0
676,0
680,1
684,0
689,0
693,0
695,0
697,1
702,0
708,0
712,0
713,0
715,0
733,0
736,0
737,0
738,0
748,0
751,0
752,0
754,1
757,0
758,0
760,0
761,1
765,0
767,0
768,0
775,0
781,0
782,1
794,1
796,0
797,0
800,1
801,0
805,0
814,0
816,0
817,1
821,0
829,0
832,0
836,0
841,0
842,1
845,0
848,0
850,1
853,1
857,0
861,0
863,0
864,0
865,0
870,0
871,0
872,0
876,0
879,0
881,0
888,0
896,1
900,0
911,1
913,1
931,0
934,1
935,0
943,1
944,0
945,1
949,0
950,1
952,0
953,1
956,0
957,0
962,0
965,0
968,0
973,0
978,0
979,1
982,1
984,0
993,0
994,0
996,0
1000,0
1011,0
1012,1
1022,0
1023,0
1025,0
1028,1
1029,0
1031,1
1033,0
1043,0
1044,0
1053,0
1058,1
1073,0
1076,0
1080,0
1081,0
1085,1
1094,0
1103,1
1104,0
1105,0
1118,0
1120,0
1125,1
1126,0
1127,0
1128,1
1130,1
1135,0
1140,0
1147,0
1150,0
1154,0
1156,0
1157,0
1159,0
1164,1
1168,0
1171,0
1172,0
1176,0
1178,0
1180,0
1182,0
1183,0
1188,0
1194,0
1197,0
1200,0
1218,1
1224,0
1225,1
1229,1
1239,0
1240,0
1242,0
1243,0
1252,0
1262,1
1265,1
1270,0
1271,0
1276,0
1277,0
1282,1
1283,0
1287,1
1288,0
1289,0
1290,0
1291,0
1295,0
1301,0
1302,0
1312,0
1319,0
1323,0
1326,0
1332,0
1340,0
1342,1
1348,0
1352,1
1356,0
1360,0
1361,1
1364,0
1365,0
1368,0
1371,0
1377,1
1384,1
1385,1
1387,0
1393,0
1395,0
1396,0
1398,0
1409,1
1419,0
1421,0
1425,0
1429,0
1436,0
1439,0
1441,0
1443,1
1453,0
1454,0
1459,1
1460,1
1468,0
1471,0
1475,0
1479,0
1486,0
1497,0
1508,1
1510,1
1520,0
1526,1
1527,0
1530,0
1541,0
1549,0
1550,0
1556,0
1558,0
1559,0
1560,0
1561,0
1563,0
1568,0
1572,0
1578,1
1580,1
1582,1
1585,0
1591,0
1592,1
1597,1
1598,0
1601,1
1602,0
1618,0
1623,0
1637,1
1640,0
1642,0
1643,0
1644,0
1648,0
1654,0
1658,0
1659,1
1667,0
1671,0
1672,0
1675,0
1680,1
1687,0
1690,0
1695,0
1698,0
1704,0
1708,0
1713,0
1720,0
1721,0
1724,0
1727,0
1728,0
1732,0
1741,0
1744,1
1757,0
1760,1
1761,1
1763,0
1767,0
1769,0
1771,0
1772,0
1773,0
1780,1
1782,0
1784,0
1792,0
1795,0
1800,1
1806,1
1807,0
1810,0
1811,1
1816,0
1818,0
1832,0
1837,0
1851,1
1853,0
1855,1
1859,0
1862,0
1867,0
1870,0
1876,1
1878,0
1879,0
1894,1
1898,1
1904,0
1908,1
1911,0
1914,0
1917,0
1918,0
1921,0
1925,1
1926,0
1935,0
1937,0
1941,1
1946,0
1954,0
1965,0
1973,0
1977,1
1987,0
1988,1
1990,0
1998,0
2000,0
2005,1
2006,0
2009,0
2012,0
2014,1
2015,0
2018,0
2020,0
2030,0
2032,0
2039,0
2041,0
2047,0
2052,0
2063,0
2064,0
2073,1
2075,1
2081,0
2083,0
2084,0
2089,0
2094,0
2095,0
2103,0
2104,0
2107,1
2109,1
2111,0
2114,0
2118,1
2124,0
2132,0
2134,0
2146,0
2147,0
2149,1
2151,1
2152,0
2156,0
2158,0
2159,0
2162,1
2163,0
2164,0
2166,0
2168,0
2176,1
2177,0
2179,0
2181,0
2184,0
2186,0
2191,0
2206,0
2209,0
2210,0
2220,1
2224,0
2225,0
2227,0
2228,0
2234,0
2235,0
2236,0
2247,0
2253,1
2254,0
2262,0
2266,1
2268,0
2269,0
2275,1
2277,1
2282,0
2283,1
2290,0
2293,1
2294,0
2295,0
2296,0
2297,0
2298,0
2299,0
2301,0
2310,0
2313,0
2317,0
2321,0
2323,1
2325,0
2326,0
2328,1
2333,0
2334,0
2335,1
2336,0
2339,0
2340,1
2342,1
2343,0
2344,0
2347,0
2348,0
2349,0
2361,1
2372,0
2374,0
2378,0
2379,0
2380,0
2386,0
2387,0
2397,0
2399,0
2414,1
2420,0
2424,0
2426,0
2431,0
2433,1
2438,0
2444,0
2445,0
2451,0
2454,0
2457,0
2460,0
2462,1
2474,0
2475,0
2476,0
2479,0
2481,1
2492,0
2497,0
2500,0
2502,0
2503,0
2506,1
2507,0
2517,0
2521,0
2524,0
2527,1
2531,1
2532,0
2540,0
2541,1
2542,1
2543,0
2546,0
2548,0
2560,0
2561,0
2569,0
2582,0
2591,0
2596,0
2605,0
2607,0
2609,0
2624,1
2625,0
2628,0
2630,0
2634,0
2636,0
2637,0
2642,0
2645,0
2646,0
2650,0
2651,0
2659,0
2662,0
2664,1
2673,0
2674,0
2676,0
2682,0
2684,0
2688,0
2695,1
2697,0
2699,0
2703,1
2704,0
2713,0
2715,0
2717,0
2718,0
2720,0
2723,0
2724,0
2728,0
2731,0
2735,0
2743,0
2744,0
2755,1
2756,0
2763,1
2775,0
2782,0
2789,1
2791,0
2796,1
2801,1
2802,1
2809,1
2812,0
2814,0
2816,1
2820,0
2823,0
2824,0
2828,1
2844,0
2846,0
2853,0
2854,1
2856,0
2862,0
2863,0
2864,0
2869,1
2870,1
2875,0
2877,0
2878,0
2889,0
2890,1
2896,0
2897,0
2900,0
2901,0
2902,0
2907,1
2909,0
2912,0
2917,0
2924,1
2926,0
2928,0
2931,1
2932,0
2937,1
2939,0
2950,1
2953,0
2956,0
2957,0
2965,0
2969,0
2971,0
2976,0
2983,0
2987,0
2993,0
2997,0
3001,0
3003,1
3005,0
3006,0
3008,0
3011,1
3016,0
3019,1
3024,1
3026,0
3028,1
3030,1
3031,1
3032,1
3038,0
3044,0
3047,1
3048,0
3051,0
3052,0
3054,0
3057,0
3067,0
3071,0
3073,0
3081,0
3084,0
3088,0
3089,0
3093,0
3115,0
3116,0
3122,0
3125,1
3128,0
3131,0
3135,0
3136,1
3138,0
3142,1
3144,0
3145,0
3147,1
3160,0
3164,0
3170,0
3175,1
3181,0
3189,0
3190,0
3192,0
3197,0
3199,0
3207,0
3208,1
3210,0
3212,1
3215,0
3225,0
3226,0
3232,0
3235,0
3242,0
3246,0
3248,1
3250,0
3254,0
3267,0
3278,0
3280,0
3291,0
3292,0
3293,0
3296,0
3298,0
3304,0
3319,1
3324,0
3326,0
3332,1
3341,1
3343,0
3344,0
3351,0
3352,0
3362,0
3365,1
3376,0
3377,0
3380,1
3381,0
3388,0
3392,0
3397,0
3403,0
3408,0
3409,0
3410,0
3411,0
3416,1
3418,1
3432,0
3442,1
3443,0
3445,0
3448,1
3449,0
3451,0
3456,0
3457,0
3458,0
3459,1
3471,0
3475,0
3476,0
3477,0
3479,0
3483,0
3485,0
3489,0
3495,0
3496,0
3498,0
3499,0
3500,0
3502,0
3507,0
3514,0
3528,0
3530,1
3535,0
3537,0
3542,0
3543,1
3546,0
3547,0
3548,1
3555,0
3563,0
3565,0
3566,0
3575,0
3582,0
3585,0
3589,0
3593,0
3604,0
3605,1
3613,0
3614,0
3615,0
3620,0
3621,0
3629,1
3631,0
3633,0
3639,1
3644,0
3648,0
3651,0
3656,0
3659,1
3667,0
3670,0
3676,0
3678,0
3679,0
3683,0
3687,1
3692,0
3699,0
3700,1
3701,0
3704,1
3706,0
3710,0
3718,0
3720,1
3723,0
3724,0
3725,1
3732,1
3741,0
3751,0
3766,0
3768,1
3769,0
3770,0
3771,0
3778,0
3797,0
3800,0
3803,0
3807,0
3809,0
3811,0
3816,0
3818,0
3828,0
3832,0
3834,0
3842,1
3848,0
3849,0
3850,0
3853,1
3857,1
3859,0
3862,0
3868,1
3876,0
3880,0
3889,0
3892,0
3900,0
3901,0
3910,0
3920,0
3922,0
3924,1
3926,0
3928,0
3941,0
3946,0
3950,0
3954,0
3956,0
3961,0
3964,0
3965,0
3967,0
3968,0
3969,0
3970,0
3973,0
3976,0
3978,1
3986,1
3991,0
4010,0
4016,1
4021,0
4022,0
4023,0
4025,1
4026,0
4027,0
4032,0
4038,0
4039,0
4052,0
4053,0
4060,1
4063,0
4068,0
4076,0
4077,1
4079,1
4084,1
4088,0
4089,0
4091,1
4104,1
4105,0
4108,0
4110,0
4111,0
4113,0
4118,1
4120,0
4121,0
4122,0
4124,1
4129,0
4140,0
4143,0
4144,0
4145,0
4147,1
4148,1
4155,0
4163,0
4170,0
4181,0
4190,0
4192,0
4199,0
4200,0
4201,0
4204,1
4213,1
4223,0
4225,0
4230,0
4234,0
4237,0
4240,0
4242,0
4246,0
4252,0
4253,0
4254,0
4266,0
4268,0
4270,1
4279,0
4282,0
4286,0
4289,1
4292,0
4294,1
4306,1
4311,0
4315,0
4316,1
4323,0
4324,0
4327,1
4328,0
4329,0
4332,0
4334,1
4335,0
4336,0
4339,1
4340,0
4344,1
4347,0
4348,0
4351,0
4360,0
4363,0
4366,0
4376,0
4377,0
4379,0
4387,0
4391,0
4394,1
4397,0
4398,1
4400,0
4402,0
4404,0
4406,0
4409,0
4411,0
4412,1
4415,0
4417,1
4423,0
4424,0
4428,0
4429,0
4430,1
4431,0
4438,0
4443,0
4448,0
4461,0
4463,0
4464,0
4465,0
4469,1
4470,0
4471,0
4473,0
4484,1
4485,0
4486,0
4491,1
4493,1
4497,0
4505,1
4506,1
4509,0
4511,0
4517,0
4522,1
4525,0
4533,0
4534,0
4535,0
4540,1
4542,0
4550,0
4554,0
4555,0
4557,0
4571,0
4575,1
4577,0
4582,0
4584,0
4592,1
4595,1
4597,1
4603,0
4605,0
4609,0
4613,0
4614,0
4625,1
4629,0
4632,0
4637,1
4639,0
4641,0
4644,0
4646,1
4652,1
4655,0
4673,1
4674,0
4677,0
4678,1
4679,0
4685,0
4692,0
4693,0
4701,0
4706,1
4709,0
4710,1
4711,0
4712,0
4714,0
4717,1
4718,0
4727,0
4730,0
4731,0
4733,1
4737,0
4740,0
4742,0
4743,0
4752,0
4753,0
4762,1
4768,0
4769,1
4773,0
4774,0
4778,0
4780,0
4783,1
4790,1
4792,0
4803,0
4805,0
4806,0
4813,0
4814,0
4818,1
4820,0
4825,0
4829,0
4832,0
4833,0
4842,0
4847,1
4850,0
4859,0
4860,0
4862,0
4866,0
4870,1
4873,0
4881,0
4882,0
4889,0
4900,0
4902,1
4903,0
4908,0
4912,1
4914,1
4919,0
4920,0
4923,0
4926,0
4929,1
4930,0
4936,1
4940,0
4943,0
4946,0
4947,1
4949,0
4950,0
4951,0
4954,1
4957,0
4964,0
4973,1
4977,0
4978,0
4979,1
4985,0
4994,1
4995,0
4998,0
5005,0
5006,0
5007,0
5009,1
5010,0
5020,0
5021,1
5022,0
5026,0
5034,1
5036,0
5038,0
5040,0
5042,0
5048,0
5050,0
5052,0
5061,0
5067,1
5074,0
5075,0
5109,0
5111,0
5120,0
5135,0
5140,0
5141,0
5142,0
5144,0
5147,0
5150,0
5155,0
5165,1
5173,0
5175,1
5181,0
5185,1
5186,1
5189,0
5193,0
5194,0
5195,1
5196,0
5197,1
5198,0
5205,1
5206,0
5212,0
5213,1
5217,0
5222,0
5228,0
5233,1
5237,0
5238,1
5241,0
5244,0
5252,1
5261,0
5262,0
5265,0
5271,0
5276,0
5279,0
5297,0
5303,1
5309,0
5310,0
5311,0
5312,0
5313,0
5315,0
5317,0
5319,0
5321,0
5329,0
5330,0
5332,0
5344,0
5345,0
5359,0
5367,1
5368,0
5369,0
5370,1
5371,0
5372,1
5374,0
5391,0
5394,0
5396,0
5401,0
5404,0
5405,0
5406,0
5408,0
5410,0
5417,0
5419,1
5424,0
5425,0
5427,1
5429,0
5432,0
5443,0
5444,0
5448,0
5449,1
5451,0
5453,1
5457,0
5460,0
5461,0
5470,0
5471,1
5472,0
5473,0
5481,0
5484,0
5489,0
5493,0
5494,0
5495,1
5504,0
5506,0
5513,0
5518,0
5521,0
5523,1
5524,0
5533,1
5534,1
5535,0
5537,1
5541,0
5542,1
5546,1
5547,0
5549,0
5551,1
5556,0
5557,0
5559,1
5560,0
5561,1
5562,1
5566,0
5569,0
5572,0
5574,1
5577,0
5578,0
5581,0
5587,0
5588,0
5589,0
5591,0
5594,1
5597,1
5600,1
5605,0
5615,0
5616,0
5619,0
5620,0
5621,1
5622,0
5624,0
5632,0
5633,0
5635,0
5637,0
5638,1
5643,0
5654,0
5657,0
5661,1
5666,0
5669,0
5670,0
5676,1
5683,0
5685,0
5694,0
5696,0
5702,0
5704,0
5706,0
5707,1
5710,0
5712,0
5713,0
5715,0
5716,0
5718,0
5727,0
5729,0
5730,0
5736,0
5741,0
5747,0
5754,0
5758,0
5762,0
5763,0
5772,1
5774,0
5775,0
5778,0
5781,0
5782,0
5783,0
5784,0
5785,0
5787,0
5790,1
5796,0
5802,0
5803,0
5805,1
5810,0
5812,0
5815,0
5824,0
5825,0
5827,0
5830,1
5831,0
5840,1
5841,0
5845,1
5847,1
5854,0
5857,0
5860,1
5861,0
5862,0
5863,1
5882,1
5887,0
5888,0
5894,0
5895,0
5896,1
5897,0
5900,0
5902,0
5906,0
5911,0
5912,1
5914,0
5916,0
5917,1
5921,0
5923,0
5938,0
5939,0
5945,0
5948,0
5950,1
5957,0
5959,0
5964,1
5973,0
5976,0
5983,0
5984,0
5986,0
5991,0
6006,0
6013,1
6016,0
6021,0
6022,0
6029,0
6031,1
6032,1
6033,0
6037,1
6040,1
6050,0
6051,0
6057,0
6062,0
6064,1
6072,0
6075,0
6079,0
6084,0
6085,1
6089,0
6095,0
6097,0
6099,1
6102,0
6103,0
6106,1
6107,0
6111,0
6114,1
6115,0
6117,0
6118,1
6120,1
6121,0
6122,0
6124,0
6133,0
6135,0
6151,0
6159,0
6165,1
6171,0
6173,0
6181,0
6184,0
6191,0
6194,0
6197,0
6198,0
6199,0
6209,0
6210,0
6211,0
6213,1
6227,0
6228,1
6229,0
6231,0
6241,0
6247,0
6250,0
6252,0
6253,0
6254,0
6256,0
6258,1
6262,0
6264,0
6272,0
6275,0
6284,0
6286,0
6287,0
6291,0
6292,1
6293,0
6295,1
6302,0
6304,0
6306,0
6310,0
6315,0
6326,0
6330,0
6332,0
6334,0
6335,0
6346,0
6349,0
6355,0
6357,1
6358,0
6361,0
6367,0
6368,0
6371,0
6378,0
6385,0
6386,1
6391,1
6394,0
6398,0
6406,0
6413,1
6419,1
6421,0
6423,0
6426,0
6429,0
6432,0
6436,0
6444,1
6448,1
6449,1
6452,0
6456,0
6457,0
6461,0
6467,0
6470,0
6475,0
6478,0
6486,0
6495,0
6501,0
6509,0
6513,1
6514,1
6515,0
6523,1
6526,0
6528,1
6533,0
6538,0
6540,0
6542,1
6548,1
6551,1
6554,0
6555,0
6562,0
6567,0
6568,1
6573,0
6578,0
6583,0
6589,0
6592,0
6594,1
6596,1
6597,0
6598,1
6611,0
6615,0
6616,1
6618,0
6619,0
6629,0
6632,1
6637,0
6639,0
6646,0
6650,0
6655,0
6659,0
6661,0
6664,0
6667,0
6671,0
6673,0
6680,0
6682,0
6688,0
6690,0
6693,0
6696,0
6704,0
6710,0
6715,0
6720,0
6722,0
6727,0
6728,0
6731,1
6733,0
6740,0
6744,0
6754,0
6756,0
6762,0
6766,1
6767,0
6768,0
6772,1
6776,0
6782,0
6789,0
6794,0
6795,0
6796,0
6803,0
6808,0
6811,0
6812,1
6815,0
6826,0
6828,0
6832,0
6842,1
6843,0
6851,0
6854,0
6855,0
6858,0
6860,0
6866,0
6871,0
6872,0
6881,1
6883,1
6886,0
6887,0
6890,0
6891,0
6900,0
6902,0
6904,0
6905,1
6906,0
6912,1
6913,0
6925,0
6932,0
6938,0
6939,1
6944,0
6949,0
6957,0
6961,0
6963,0
6964,1
6969,0
6972,1
6973,0
6978,0
6981,1
6988,1
6989,0
6992,0
6995,0
7001,0
7004,0
7008,0
7010,0
7012,0
7015,0
7018,0
7021,0
7025,0
7031,0
7035,1
7037,0
7044,1
7048,0
7050,1
7052,0
7059,0
7060,0
7061,0
7062,0
7067,0
7068,0
7069,0
7079,0
7082,0
7084,0
7088,0
7093,0
7094,0
7095,0
7105,0
7108,0
7113,0
7114,0
7116,0
7117,0
7123,1
7126,0
7129,1
7131,0
7137,0
7140,0
7143,0
7146,0
7155,0
7157,0
7172,0
7173,0
7174,1
7180,0
7187,1
7193,1
7198,0
7201,1
7209,0
7212,0
7216,1
7222,0
7230,1
7232,0
7243,0
7256,0
7262,0
7266,1
7267,0
7268,0
7269,0
7274,0
7275,0
7282,0
7286,0
7287,1
7292,1
7294,0
7295,1
7296,1
7298,0
7304,0
7307,0
7309,0
7313,0
7318,0
7322,0
7329,1
7332,0
7333,0
7341,1
7343,0
7351,0
7352,0
7361,0
7363,0
7373,0
7378,0
7379,0
7381,0
7383,0
7390,0
7394,0
7397,0
7404,0
7415,1
7417,0
7418,0
7421,0
7422,0
7424,0
7426,0
7428,0
7430,0
7433,0
7434,0
7437,0
7440,0
7445,0
7449,0
7452,0
7454,0
7455,1
7456,0
7457,0
7460,0
7462,0
7463,0
7464,0
7466,0
7473,1
7480,0
7482,0
7483,0
7491,0
7504,0
7517,1
7520,0
7528,1
7530,0
7537,0
7539,0
7540,0
7541,1
7544,0
7546,0
7553,1
7556,0
7557,0
7558,1
7565,0
7571,0
7577,0
7579,0
7580,0
7583,0
7591,0
7593,0
7594,0
7595,0
7602,0
7604,0
7605,0
7608,0
7609,0
7611,0
7613,0
7614,0
7616,1
7622,0
7626,0
7630,1
7637,0
7638,1
7639,0
7641,0
7644,0
7650,0
7658,0
7665,0
7668,0
7669,0
7677,0
7678,0
7692,0
7693,0
7695,0
7697,0
7698,0
7699,0
7700,0
7703,0
7707,0
7708,0
7710,0
7711,0
7712,0
7732,1
7733,0
7736,0
7762,1
7765,0
7769,0
7776,1
7777,0
7782,0
7784,1
7786,0
7790,0
7793,0
7797,0
7799,0
7802,1
7811,0
7823,0
7825,0
7830,0
7835,0
7837,1
7841,0
7843,1
7845,0
7846,0
7851,0
7854,0
7859,0
7869,0
7876,0
7884,0
7890,0
7899,0
7907,0
7911,0
7915,1
7917,0
7925,0
7926,0
7927,0
7928,1
7930,0
7937,0
7939,0
7943,0
7947,0
7951,0
7952,0
7970,0
7972,0
7974,0
7977,0
7985,0
7990,0
7994,0
7997,0
7998,0
8000,0
8005,0
8009,1
8011,1
8014,0
8017,0
8018,1
8019,0
8021,0
8022,0
8025,0
8026,1
8028,0
8042,0
8045,0
8047,0
8053,0
8054,0
8055,0
8065,0
8072,0
8073,1
8077,0
8078,0
8080,0
8089,0
8090,0
8092,0
8093,0
8096,0
8097,0
8103,0
8106,0
8109,0
8110,0
8111,0
8115,1
8117,1
8132,0
8133,0
8135,0
8138,1
8140,0
8142,0
8145,0
8162,0
8164,0
8166,0
8167,0
8173,0
8179,1
8184,1
8185,1
8196,0
8202,0
8206,1
8208,0
8209,0
8218,0
8220,0
8226,0
8230,0
8231,0
8237,0
8240,0
8244,0
8252,0
8271,0
8276,1
8285,0
8289,0
8290,0
8297,0
8310,0
8311,0
8312,0
8316,0
8320,0
8323,0
8327,0
8329,0
8335,0
8338,0
8341,0
8342,1
8350,0
8354,0
8355,0
8363,1
8368,1
8387,0
8389,1
8397,0
8398,1
8403,0
8404,0
8405,0
8408,0
8413,0
8414,0
8417,0
8425,0
8427,0
8433,0
8434,0
8439,0
8442,1
8443,0
8446,0
8452,0
8459,0
8460,0
8466,1
8470,1
8475,1
8476,0
8484,0
8485,0
8492,1
8493,0
8494,0
8502,1
8513,1
8515,0
8516,1
8517,0
8519,0
8525,0
8528,0
8538,0
8540,0
8542,0
8548,1
8551,0
8552,0
8555,1
8568,0
8569,0
8570,0
8572,0
8575,1
8577,1
8582,0
8585,1
8586,0
8588,0
8591,0
8617,1
8626,0
8631,1
8632,0
8636,0
8640,1
8647,0
8649,0
8653,0
8662,0
8663,0
8664,0
8665,1
8666,1
8668,0
8670,0
8671,0
8687,0
8688,0
8689,0
8691,0
8695,0
8696,0
8699,0
8702,1
8703,0
8704,0
8706,0
8708,0
8717,0
8721,1
8722,0
8724,0
8726,0
8728,0
8730,1
8733,0
8734,0
8735,0
8740,0
8748,1
8754,0
8763,0
8764,0
8767,0
8768,1
8771,0
8777,0
8778,0
8785,0
8790,0
8792,0
8795,1
8796,0
8801,0
8810,0
8813,0
8825,1
8827,0
8828,0
8831,0
8834,1
8839,0
8843,0
8850,0
8851,0
8853,0
8854,0
8855,0
8859,1
8874,0
8875,0
8878,0
8886,0
8893,1
8895,0
8902,0
8909,0
8910,0
8917,0
8920,0
8922,1
8923,1
8926,0
8929,0
8930,0
8934,0
8936,1
8937,0
8942,0
8948,1
8961,0
8966,0
8971,0
8972,0
8984,1
8990,1
8996,0
9003,1
9004,0
9006,1
9007,1
9022,0
9024,0
9034,0
9038,1
9039,0
9048,0
9053,1
9056,1
9059,0
9060,0
9071,0
9074,1
9078,0
9080,0
9083,0
9085,0
9090,1
9092,0
9096,0
9100,1
9106,1
9107,1
9112,0
9113,1
9114,1
9119,0
9121,0
9129,1
9134,1
9138,0
9139,0
9140,1
9142,0
9147,0
9155,1
9158,0
9159,0
9160,1
9163,1
9167,0
9172,0
9178,0
9180,1
9181,0
9186,0
9187,0
9193,0
9202,0
9205,0
9207,0
9213,0
9217,0
9219,0
9223,0
9224,0
9228,0
9230,0
9231,0
9232,0
9238,1
9244,0
9245,0
9246,1
9254,0
9260,0
9262,1
9264,0
9274,0
9275,0
9289,0
9298,0
9299,0
9300,0
9304,0
9307,0
9320,0
9327,0
9333,0
9337,1
9344,1
9353,1
9357,0
9358,0
9360,1
9365,0
9366,0
9370,0
9372,1
9373,0
9374,0
9377,1
9379,0
9381,0
9382,0
9384,0
9390,1
9394,1
9395,0
9400,1
9401,0
9402,0
9403,0
9404,0
9409,0
9410,0
9413,1
9414,1
9421,0
9425,0
9429,0
9432,0
9434,0
9442,0
9449,0
9450,1
9457,1
9460,0
9461,0
9462,0
9482,0
9491,0
9495,0
9500,0
9501,1
9502,1
9512,0
9517,0
9518,1
9519,0
9521,0
9522,0
9525,0
9530,0
9533,0
9535,1
9536,0
9538,0
9541,0
9545,0
9547,0
9549,0
9554,0
9555,0
9558,0
9561,0
9565,0
9570,0
9573,0
9578,1
9581,1
9583,1
9584,1
9586,0
9589,1
9591,0
9594,0
9595,0
9599,0
9611,0
9620,0
9629,0
9631,0
9632,0
9643,0
9652,0
9653,0
9655,0
9661,1
9674,1
9676,0
9677,0
9680,0
9683,0
9684,0
9688,1
9702,0
9703,1
9707,0
9708,1
9726,0
9728,0
9729,0
9731,0
9741,0
9742,0
9743,0
9748,1
9754,0
9755,0
9756,1
9757,0
9759,0
9760,1
9761,0
9766,0
9768,0
9770,1
9771,0
9773,0
9775,0
9783,0
9786,1
9789,0
9791,0
9793,0
9797,0
9801,0
9803,0
9807,1
9812,0
9815,0
9816,1
9820,0
9825,0
9831,1
9832,0
9834,0
9836,0
9840,0
9842,0
9857,0
9858,0
9861,0
9867,0
9868,0
9871,1
9878,0
9880,0
9885,1
9888,0
9889,1
9896,0
9900,0
9907,0
9920,0
9924,0
9926,0
9931,0
9932,0
9938,0
9939,0
9942,0
9950,1
9951,0
9963,0
9970,0
9974,0
9977,0
9980,0
9983,0
9988,0
9992,0
9995,0
9999,0
10003,0
10008,1
10010,0
10011,0
10014,1
10023,0
10027,0
10030,0
10032,0
10033,0
10037,0
10042,0
10050,1
10057,0
10063,0
10067,0
10068,0
10077,0
10082,0
10084,1
10088,0
10091,0
10094,0
10097,0
10104,0
10108,0
10110,0
10112,0
10115,0
10116,0
10121,1
10124,0
10130,0
10133,0
10138,0
10145,0
10148,1
10157,1
10158,1
10161,0
10165,0
10167,0
10177,0
10180,0
10187,1
10188,1
10189,0
10192,0
10194,1
10198,0
10201,0
10202,0
10204,0
10206,0
10209,1
10212,0
10213,0
10214,0
10219,0
10220,0
10226,0
10227,0
10228,0
10231,1
10242,0
10249,0
10251,0
10252,0
10254,0
10256,0
10268,0
10271,0
10275,1
10277,0
10289,0
10290,0
10294,0
10302,0
10303,0
10308,1
10311,0
10316,0
10319,1
10321,0
10327,0
10328,0
10334,0
10336,0
10338,0
10343,0
10345,1
10349,0
10351,0
10353,0
10356,0
10368,0
10370,0
10372,0
10376,0
10380,0
10381,0
10385,0
10386,0
10394,0
10397,1
10405,0
10411,0
10414,0
10422,1
10428,0
10431,0
10439,0
10440,0
10442,0
10445,0
10446,1
10447,0
10450,0
10453,0
10457,1
10458,0
10464,0
10467,1
10468,0
10470,1
10473,1
10474,0
10488,0
10490,0
10493,0
10495,0
10496,0
10499,1
10501,0
10502,0
10504,1
10506,0
10507,0
10509,0
10515,1
10518,1
10522,1
10532,1
10534,1
10539,0
10541,0
10544,0
10559,1
10566,0
10571,0
10576,1
10581,1
10586,1
10589,0
10590,0
10592,0
10594,0
10608,0
10613,0
10614,0
10626,0
10633,0
10636,0
10637,0
10640,0
10645,1
10648,1
10650,0
10654,1
10658,0
10659,0
10661,0
10667,0
10668,1
10670,0
10672,0
10674,0
10676,0
10679,0
10683,0
10686,0
10692,0
10693,0
10697,0
10699,0
10701,0
10704,0
10719,0
10725,0
10732,1
10733,0
10734,1
10736,0
10738,0
10739,0
10741,1
10743,0
10750,0
10751,0
10752,0
10760,0
10761,0
10763,0
10767,0
10778,0
10785,0
10786,0
10788,1
10789,0
10808,0
10814,0
10823,0
10830,0
10832,0
10837,1
10839,0
10846,0
10849,0
10852,0
10854,0
10858,0
10860,0
10867,0
10871,1
10887,0
10888,0
10896,1
10899,1
10904,0
10908,0
10912,0
10917,0
10918,1
10922,1
10923,0
10924,0
10927,0
10929,0
10933,0
10936,0
10937,0
10938,1
10942,0
10944,0
10951,0
10955,0
10957,0
10963,0
10964,0
10975,0
10984,1
10989,0
10991,0
10995,0
10997,0
11007,0
11008,0
11013,0
11018,0
11020,0
11021,0
11022,0
11026,0
11028,0
11031,0
11043,1
11045,0
11047,0
11051,0
11057,0
11059,0
11062,0
11067,0
11068,0
11072,1
11076,0
11079,0
11090,0
11091,1
11093,0
11095,0
11097,0
11099,0
11101,0
11103,0
11105,0
11112,1
11119,1
11124,0
11140,1
11142,0
11144,0
11154,0
11157,1
11167,0
11168,0
11177,0
11186,0
11188,0
11190,0
11193,0
11195,0
11203,0
11205,0
11212,1
11213,0
11214,0
11215,1
11219,0
11220,0
11222,0
11226,0
11231,1
11234,0
11237,0
11246,0
11251,1
11252,1
11257,0
11262,0
11263,0
11270,0
11271,0
11272,1
11273,0
11279,0
11280,0
11282,1
11283,0
11286,0
11290,0
11292,0
11295,0
11298,0
11302,0
11303,0
11314,0
11316,1
11318,1
11321,1
11325,0
11326,0
11327,0
11330,1
11333,0
11340,1
11342,0
11344,0
11346,0
11347,1
11350,0
11359,0
11362,0
11364,0
11365,1
11366,0
11368,1
11369,0
11370,0
11378,0
11398,1
11405,1
11407,0
11408,0
11412,0
11413,0
11415,0
11426,0
11429,1
11438,1
11439,0
11440,1
11446,0
11450,0
11454,0
11462,0
11463,0
11465,0
11467,0
11471,0
11472,0
11474,1
11477,0
11491,0
11494,0
11497,0
11500,0
11506,1
11507,0
11509,0
11510,1
11512,0
11519,0
11522,0
11531,1
11534,0
11540,0
11543,0
11544,0
11553,0
11557,0
11559,0
11565,1
11571,0
11580,0
11583,1
11585,0
11589,0
11591,1
11601,0
11605,1
11616,1
11617,1
11625,1
11626,0
11633,1
11635,0
11650,1
11657,0
11660,0
11661,0
11666,0
11668,1
11676,0
11682,0
11695,0
11699,0
11713,0
11720,0
11721,0
11724,0
11725,0
11726,0
11729,0
11730,0
11737,0
11744,0
11747,0
11749,0
11751,1
11758,0
11760,1
11763,0
11765,0
11768,0
11771,0
11787,1
11792,0
11794,0
11795,0
11800,0
11801,0
11803,0
11809,0
11813,0
11817,1
11822,0
11824,1
11826,0
11836,1
11837,0
11844,0
11852,0
11853,1
11856,0
11864,0
11867,1
11868,0
11869,0
11877,0
11878,0
11884,0
11886,0
11887,1
11890,1
11891,0
11892,0
11898,0
11902,0
11906,0
11908,1
11912,0
11919,0
11920,0
11926,1
11927,1
11930,0
11931,0
11942,0
11943,0
11944,0
11948,0
11950,0
11956,0
11959,0
11960,0
11969,0
11972,0
11976,0
11979,0
11984,0
11991,1
11999,0
12004,1
12005,0
12014,0
12016,0
12019,0
12021,0
12022,0
12023,0
12030,0
12031,1
12032,1
12035,0
12037,0
12047,0
12052,0
12060,0
12066,1
12068,1
12071,0
12074,0
12081,1
12084,0
12089,0
12090,0
12093,0
12103,0
12104,0
12108,0
12109,0
12110,0
12111,0
12112,0
12114,0
12117,0
12122,1
12123,0
12125,0
12130,0
12136,0
12139,0
12145,0
12146,1
12147,0
12158,1
12161,1
12165,0
12173,0
12175,0
12177,0
12178,0
12184,0
12203,0
12205,1
12213,0
12218,0
12219,1
12226,1
12229,0
12230,0
12235,0
12236,0
12244,0
12245,0
12246,0
12249,1
12252,0
12257,0
12265,0
12268,0
12275,0
12276,0
12282,0
12283,0
12289,0
12291,0
12295,0
12314,0
12316,1
12318,0
12320,0
12322,0
12327,0
12328,0
12329,0
12335,0
12337,1
12341,1
12346,1
12350,1
12355,0
12357,0
12358,0
12359,0
12361,0
12363,0
12367,0
12368,0
12370,1
12374,0
12375,0
12377,0
12381,0
12384,0
12385,0
12390,0
12392,0
12395,0
12398,0
12402,0
12404,0
12413,0
12414,1
12415,0
12416,0
12418,0
12419,1
12421,0
12423,0
12425,0
12428,0
12432,0
12442,0
12444,0
12446,0
12457,0
12470,0
12472,0
12473,0
12475,1
12485,1
12486,0
12488,0
12491,0
12493,0
12507,0
12512,0
12518,0
12519,0
12520,0
12521,0
12524,0
12526,0
12537,1
12540,0
12541,0
12550,0
12575,0
12578,0
12579,0
12588,1
12591,0
12593,1
12600,0
12605,0
12610,1
12613,0
12616,1
12623,0
12639,1
12642,0
12653,0
12654,0
12655,0
12656,0
12657,0
12666,0
12677,0
12682,1
12684,0
12688,0
12694,0
12695,0
12698,0
12700,1
12703,0
12704,0
12713,0
12715,0
12718,0
12722,0
12730,1
12731,1
12734,0
12735,1
12736,0
12738,1
12742,0
12752,0
12753,1
12754,0
12755,1
12756,0
12759,0
12772,0
12776,0
12782,0
12789,0
12790,1
12796,1
12801,1
12804,0
12815,0
12816,1
12820,1
12823,0
12824,0
12827,0
12830,0
12835,0
12844,0
12845,0
12849,1
12852,0
12854,0
12855,0
12861,0
12863,0
12864,0
12867,0
12869,1
12872,1
12873,0
12876,0
12879,1
12881,0
12882,0
12884,0
12890,0
12894,0
12896,1
12899,0
12904,0
12905,0
12912,0
12914,0
12917,1
12923,1
12932,0
12938,0
12944,0
12945,0
12946,0
12948,0
12950,0
12951,0
12957,0
12961,0
12966,1
12968,0
12969,0
12979,0
12985,1
12987,0
12991,0
12995,1
12997,0
13000,0
13002,0
13018,0
13022,0
13025,0
13028,0
13030,0
13033,0
13042,0
13045,0
13046,0
13047,0
13049,0
13051,0
13056,0
13057,0
13058,0
13064,1
13065,0
13068,0
13072,0
13096,0
13099,0
13101,1
13106,0
13107,0
13115,1
13116,0
13117,0
13121,0
13126,1
13127,0
13132,0
13137,0
13147,0
13148,0
13154,0
13155,1
13156,0
13165,1
13187,0
13193,0
13196,0
13198,1
13203,0
13206,0
13207,0
13209,0
13210,1
13216,0
13220,0
13223,0
13224,0
13227,0
13228,0
13231,0
13236,0
13242,1
13243,0
13253,0
13257,0
13259,0
13263,0
13273,0
13276,0
13280,0
13281,1
13285,1
13287,1
13288,0
13291,0
13292,0
13293,0
13296,0
13299,0
13304,1
13306,0
13321,0
13325,0
13327,0
13329,0
13333,0
13363,0
13364,0
13378,0
13379,0
13382,0
13385,0
13393,1
13395,0
13399,0
13400,0
13408,0
13415,0
13416,0
13432,0
13439,0
13445,0
13446,0
13460,0
13465,1
13468,0
13474,1
13476,0
13481,0
13489,0
13492,0
13495,0
13497,0
13505,0
13507,0
13515,0
13517,1
13519,1
13527,0
13532,0
13538,1
13539,0
13543,0
13551,0
13552,0
13556,0
13557,0
13558,1
13560,0
13562,0
13566,0
13570,0
13579,0
13580,0
13586,0
13593,0
13594,0
13595,0
13597,0
13604,0
13606,0
13610,0
13611,0
13614,0
13617,0
13620,0
13622,1
13623,1
13625,0
13627,0
13629,0
13630,0
13631,0
13633,0
13636,0
13639,0
13641,0
13643,0
13644,0
13649,0
13653,0
13655,0
13656,0
13659,1
13663,0
13666,0
13669,0
13679,0
13680,0
13681,1
13683,0
13687,0
13693,0
13701,1
13703,0
13704,0
13713,0
13718,0
13727,0
13731,1
13733,0
13738,0
13739,0
13742,1
13743,0
13744,1
13746,0
13747,0
13749,1
13755,0
13756,1
13759,0
13765,0
13767,1
13773,0
13776,1
13778,1
13785,0
13786,1
13792,0
13799,0
13802,1
13811,0
13812,1
13819,0
13820,0
13821,0
13828,0
13831,0
13834,0
13846,0
13849,1
13851,1
13854,0
13855,1
13858,0
13859,1
13861,0
13864,0
13870,1
13876,0
13877,0
13878,0
13883,0
13884,1
13887,0
13892,1
13897,1
13898,1
13903,0
13904,0
13908,0
13912,0
13915,0
13920,0
13921,0
13923,0
13924,0
13930,0
13931,0
13933,0
13937,0
13941,1
13952,0
13953,0
13955,0
13960,0
13964,0
13968,0
13969,0
13972,1
13974,0
13975,0
13976,0
13977,0
13981,0
13987,0
13996,1
14004,0
14009,0
14012,1
14014,0
14022,1
14024,0
14027,1
14042,0
14044,0
14049,0
14063,0
14065,0
14067,0
14069,0
14072,0
14073,1
14077,1
14078,0
14081,0
14082,0
14083,0
14084,0
14087,1
14090,0
14092,0
14093,0
14101,0
14107,0
14108,0
14109,0
14110,1
14112,0
14115,0
14122,0
14123,0
14126,0
14131,0
14132,1
14135,0
14138,0
14143,0
14146,0
14148,0
14154,0
14155,0
14158,0
14162,0
14163,1
14164,0
14165,0
14176,0
14177,0
14181,0
14201,0
14202,1
14210,0
14217,1
14218,0
14224,0
14228,1
14236,1
14237,0
14243,1
14249,0
14250,0
14262,0
14269,1
14273,0
14278,0
14281,1
14283,0
14284,0
14291,1
14295,1
14297,0
14301,1
14304,1
14310,0
14312,0
14314,0
14315,0
14323,0
14331,0
14335,0
14342,0
14344,0
14346,0
14349,0
14351,0
14354,0
14356,0
14357,0
14365,0
14374,0
14376,1
14378,0
14384,1
14390,0
14396,0
14399,0
14400,0
14415,1
14416,0
14419,0
14420,0
14428,0
14430,0
14435,0
14439,0
14440,0
14446,0
14449,0
14450,0
14451,0
14462,0
14464,0
14466,0
14468,0
14469,0
14470,0
14475,0
14479,0
14481,0
14489,0
14509,1
14513,0
14514,0
14520,0
14526,0
14531,0
14533,0
14534,1
14537,0
14544,0
14551,1
14554,0
14555,0
14558,1
14560,0
14563,0
14565,0
14567,0
14568,0
14569,0
14571,0
14587,0
14588,0
14591,0
14604,0
14611,0
14618,0
14621,0
14622,1
14623,0
14627,0
14629,1
14647,0
14650,1
14655,1
14674,0
14676,0
14678,0
14680,0
14685,1
14698,0
14701,0
14706,0
14709,1
14710,0
14716,0
14726,1
14731,0
14732,1
14739,0
14741,0
14744,0
14747,0
14748,0
14749,0
14753,0
14754,0
14760,0
14769,0
14770,1
14772,0
14778,0
14779,0
14783,0
14790,0
14807,0
14813,0
14814,1
14820,0
14831,1
14852,0
14854,0
14857,0
14868,0
14870,1
14873,0
14878,0
14881,0
14887,0
14890,1
14897,0
14898,1
14908,1
14909,0
14910,0
14911,0
14913,1
14919,1
14931,0
14933,0
14934,0
14940,0
14941,0
14942,0
14945,0
14951,0
14962,0
14963,1
14965,0
14966,0
14972,1
14974,0
14980,0
14981,0
14982,1
14984,0
14989,0
14990,0
14996,0
14997,0
15005,0
15010,0
15011,0
15012,1
15016,0
15027,1
15028,1
15030,0
15031,0
15038,0
15039,0
15042,1
15044,0
15054,0
15060,0
15061,1
15064,0
15065,0
15066,0
15067,0
15068,1
15073,0
15074,1
15084,0
15085,0
15087,0
15089,0
15091,0
15097,0
15104,1
15107,0
15111,1
15118,1
15121,0
15126,0
15130,0
15139,1
15143,0
15147,0
15148,1
15152,0
15156,1
15161,1
15165,1
15167,0
15168,0
15171,1
15172,0
15183,1
15184,1
15187,1
15204,0
15207,0
15208,0
15210,0
15218,0
15224,0
15228,0
15233,0
15239,0
15245,0
15247,0
15248,0
15253,1
15260,1
15261,1
15267,0
15277,1
15288,0
15290,0
15291,0
15301,1
15304,0
15307,1
15310,0
15314,0
15318,1
15320,1
15323,0
15326,0
15335,0
15338,0
15339,0
15340,0
15342,0
15345,1
15346,0
15365,0
15366,0
15367,0
15368,0
15371,0
15372,0
15373,0
15377,0
15382,0
15383,0
15385,1
15387,0
15388,0
15391,0
15392,0
15400,0
15402,1
15406,0
15407,0
15410,0
15412,0
15417,1
15421,0
15423,0
15439,0
15444,0
15445,0
15457,0
15458,0
15459,0
15465,0
15468,0
15471,0
15478,0
15495,1
15505,0
15507,0
15511,1
15518,0
15521,0
15522,1
15530,1
15532,0
15537,0
15543,1
15547,0
15549,0
15550,0
15552,0
15556,0
15557,0
15561,0
15566,0
15568,0
15570,0
15574,0
15577,1
15580,1
15583,0
15586,0
15594,0
15595,1
15596,0
15597,0
15598,1
15601,1
15604,1
15607,0
15621,0
15622,1
15625,0
15629,0
15631,1
15636,0
15639,0
15641,0
15650,1
15651,1
15659,0
15667,0
15671,0
15672,0
15673,0
15677,0
15678,1
15682,0
15690,0
15694,0
15699,0
15702,0
15704,0
15707,0
15708,0
15709,0
15724,1
15727,0
15736,0
15737,0
15747,1
15749,0
15752,0
15753,0
15756,1
15759,0
15761,0
15765,0
15772,0
15776,1
15777,0
15782,0
15784,0
15787,0
15794,1
15798,1
15801,0
15803,0
15815,0
15816,0
15822,0
15824,0
15826,0
15832,0
15836,0
15841,1
15846,1
15854,0
15855,0
15856,1
15860,0
15862,0
15875,0
15876,0
15881,1
15882,0
15884,1
15885,0
15888,0
15908,0
15917,1
15918,0
15924,1
15926,1
15927,0
15931,1
15932,0
15940,0
15948,0
15952,0
15957,0
15964,0
15969,0
15977,0
15984,0
15985,0
15994,1
16005,0
16006,0
16013,0
16017,0
16020,0
16026,1
16030,0
16033,1
16036,1
16041,0
16042,0
16047,0
16050,0
16052,0
16054,0
16058,0
16064,0
16068,0
16069,0
16072,1
16076,0
16078,0
16081,1
16089,1
16093,0
16098,0
16100,0
16103,0
16105,0
16107,0
16111,0
16115,0
16116,0
16118,0
16120,0
16121,1
16127,0
16136,0
16137,0
16146,0
16155,0
16156,0
16159,1
16163,0
16166,0
16167,0
16173,1
16183,0
16186,0
16187,0
16189,0
16203,1
16204,0
16211,1
16214,1
16220,0
16224,0
16228,0
16229,0
16231,1
16232,0
16233,0
16240,0
16244,1
16247,0
16250,0
16251,0
16258,0
16262,0
16273,0
16276,1
16278,1
16279,1
16284,1
16285,0
16286,1
16289,0
16290,1
16291,1
16293,0
16297,0
16299,0
16303,0
16306,0
16307,1
16308,0
16309,1
16311,0
16313,0
16315,1
16316,1
16317,0
16319,1
16323,0
16325,1
16328,0
16329,0
16333,0
16335,0
16336,0
16345,1
16349,0
16350,0
16351,1
16352,0
16355,0
16357,0
16358,1
16363,0
16370,1
16373,0
16376,1
16379,0
16383,1
16384,1
16388,0
16393,0
16396,1
16404,0
16407,0
16408,0
16415,1
16417,0
16419,0
16420,0
16423,0
16424,0
16441,1
16445,0
16447,0
16451,0
16455,1
16458,0
16459,0
16460,0
16468,0
16470,0
16473,1
16482,1
16483,0
16486,0
16492,0
16496,0
16497,0
16498,0
16502,1
16503,0
16506,0
16508,0
16510,0
16512,0
16520,0
16525,0
16527,0
16531,0
16532,0
16540,0
16541,0
16551,0
16554,0
16556,0
16558,0
16578,1
16583,1
16585,0
16589,1
16591,0
16594,0
16595,0
16597,0
16615,0
16616,1
16618,1
16623,0
16634,0
16637,0
16656,0
16658,0
16664,0
16676,0
16679,1
16681,0
16685,0
16686,1
16699,0
16700,0
16706,0
16708,0
16714,0
16717,0
16718,0
16724,0
16738,0
16743,0
16752,0
16760,1
16764,0
16773,0
16777,0
16779,0
16780,0
16781,0
16783,0
16796,0
16797,0
16799,0
16800,0
16803,0
16806,0
16809,1
16815,0
16823,0
16824,0
16828,0
16837,0
16849,0
16852,0
16855,0
16860,0
16864,0
16867,0
16868,1
16869,0
16877,0
16878,0
16883,1
16885,1
16890,0
16891,0
16893,1
16894,0
16900,0
16901,0
16902,1
16904,0
16908,0
16911,0
16914,0
16915,0
16922,1
16923,1
16926,1
16927,0
16928,0
16932,0
16938,1
16946,0
16947,0
16953,0
16960,0
16963,0
16970,0
16975,0
16976,0
16977,0
16978,0
16994,1
16999,0
17006,0
17008,0
17015,0
17022,0
17034,0
17042,0
17050,0
17056,0
17059,0
17071,0
17073,0
17075,0
17076,0
17093,0
17095,0
17098,0
17102,0
17103,1
17112,0
17114,0
17127,0
17133,1
17134,0
17135,1
17139,1
17144,0
17145,0
17155,0
17160,0
17162,1
17166,0
17167,0
17168,0
17171,0
17176,0
17177,0
17179,0
17192,1
17193,0
17197,0
17199,0
17205,0
17207,0
17209,0
17210,1
17214,1
17227,0
17229,0
17236,0
17238,0
17239,0
17240,0
17245,0
17252,1
17255,0
17262,0
17263,0
17266,0
17274,1
17276,0
17279,0
17290,1
17301,0
17303,0
17305,0
17310,0
17318,0
17323,0
17324,1
17325,0
17330,0
17337,0
17339,1
17347,0
17348,1
17350,0
17352,0
17365,0
17367,1
17368,1
17375,0
17376,0
17377,1
17378,1
17379,0
17388,0
17393,0
17397,0
17400,1
17406,0
17417,1
17423,1
17424,0
17433,0
17446,1
17460,0
17470,1
17480,0
17481,0
17484,0
17487,0
17491,0
17493,0
17496,0
17500,0
17503,0
17518,0
17519,0
17520,1
17528,0
17536,0
17550,0
17552,1
17553,0
17559,0
17564,0
17566,0
17572,0
17575,0
17578,0
17581,0
17585,1
17587,1
17590,0
17592,0
17594,0
17597,0
17600,1
17603,0
17604,0
17605,0
17610,0
17616,1
17622,0
17632,0
17634,0
17635,0
17636,0
17641,1
17649,0
17650,0
17653,1
17658,0
17660,1
17664,0
17666,0
17668,0
17678,1
17692,1
17693,0
17699,0
17714,0
17716,0
17720,1
17730,1
17732,0
17743,0
17745,0
17751,1
17753,0
17757,0
17758,0
17760,0
17763,1
17768,0
17769,0
17779,0
17782,0
17787,0
17794,0
17798,0
17801,0
17806,1
17807,0
17808,0
17813,0
17824,0
17828,0
17835,0
17836,0
17843,0
17844,0
17848,0
17853,1
17856,0
17857,0
17862,0
17864,0
17865,0
17870,0
17875,0
17877,1
17883,0
17884,0
17885,1
17887,0
17892,0
17893,0
17899,0
17900,0
17904,0
17916,1
17921,0
17922,0
17923,1
17924,1
17931,1
17938,0
17947,0
17953,0
17956,0
17957,0
17961,0
17970,0
17971,0
17976,1
17977,0
17985,0
17987,0
17995,0
17997,0
17999,0
18001,1
18002,0
18006,0
18012,1
18014,1
18016,1
18022,0
18026,0
18029,0
18033,0
18037,1
18039,0
18047,0
18055,0
18056,0
18066,0
18074,1
18075,0
18076,0
18083,0
18088,1
18090,0
18093,1
18095,0
18097,0
18098,0
18113,0
18121,1
18124,1
18137,0
18138,0
18140,0
18150,0
18159,1
18164,0
18167,0
18169,0
18172,0
18173,1
18174,0
18175,0
18182,0
18184,0
18193,0
18195,1
18197,0
18200,0
18203,0
18209,0
18210,0
18213,0
18215,0
18219,1
18221,1
18226,0
18240,0
18254,0
18260,0
18264,0
18265,0
18268,0
18270,0
18274,0
18277,0
18278,1
18281,0
18288,1
18293,0
18294,0
18299,0
18302,0
18303,0
18306,0
18308,0
18313,0
18317,0
18332,0
18336,0
18339,0
18344,0
18352,0
18354,0
18355,0
18362,0
18365,0
18369,0
18370,0
18373,1
18374,0
18375,0
18376,1
18377,0
18379,0
18383,0
18386,0
18387,0
18394,0
18396,0
18399,0
18403,0
18426,0
18429,0
18430,0
18431,0
18433,0
18437,1
18438,0
18439,1
18440,1
18441,1
18442,0
18444,1
18445,0
18453,0
18455,0
18458,0
18461,0
18463,0
18472,1
18477,1
18484,0
18487,0
18490,1
18493,1
18500,1
18503,0
18510,1
18514,0
18517,0
18518,0
18523,0
18526,0
18532,0
18534,0
18539,1
18541,0
18543,0
18545,0
18546,0
18549,0
18550,0
18553,0
18561,0
18563,0
18564,1
18569,0
18570,0
18576,0
18579,0
18580,0
18581,0
18584,0
18586,0
18589,0
18590,0
18602,1
18604,0
18612,0
18623,0
18624,0
18625,0
18626,1
18635,0
18640,1
18641,0
18642,0
18644,0
18659,0
18662,0
18665,0
18668,0
18670,0
18672,0
18676,1
18680,0
18685,0
18694,0
18696,0
18699,0
18705,1
18710,0
18713,0
18714,0
18715,0
18719,0
18720,0
18726,0
18727,0
18730,0
18734,0
18735,0
18740,0
18746,0
18747,1
18750,0
18754,0
18760,0
18761,0
18763,0
18764,0
18767,0
18768,0
18775,1
18781,0
18789,0
18792,0
18799,0
18802,1
18804,0
18809,0
18815,0
18817,0
18822,0
18824,0
18837,0
18843,0
18844,1
18850,0
18856,0
18858,0
18861,0
18865,0
18869,0
18877,1
18881,0
18886,0
18889,0
18897,0
18898,1
18904,0
18921,0
18923,0
18931,0
18933,0
18948,1
18954,0
18959,0
18960,1
18979,0
18983,0
18989,0
18990,1
18993,0
18995,0
18998,0
18999,0
19003,0
19012,0
19017,1
19018,0
19022,0
19024,0
19031,1
19039,0
19041,0
19043,0
19047,0
19051,0
19056,0
19060,0
19064,1
19068,0
19084,0
19086,0
19088,0
19090,0
19093,0
19094,0
19103,0
19107,1
19108,1
19110,0
19111,0
19116,0
19117,0
19123,0
19124,0
19132,0
19133,0
19143,0
19145,1
19150,0
19152,0
19156,0
19158,0
19159,0
19163,1
19171,1
19179,1
19188,0
19190,0
19195,0
19202,0
19203,1
19213,0
19214,0
19216,0
19218,0
19223,0
19228,0
19230,0
19235,1
19246,0
19248,1
19255,0
19256,0
19261,0
19266,0
19267,1
19268,0
19269,0
19270,1
19273,0
19279,0
19281,0
19285,0
19286,0
19288,0
19290,1
19298,0
19302,0
19303,1
19307,1
19309,0
19321,0
19322,0
19325,1
19326,0
19327,0
19329,0
19331,1
19335,0
19339,1
19340,0
19341,0
19351,0
19352,1
19353,0
19365,0
19376,0
19381,0
19386,0
19388,0
19394,1
19395,0
19397,0
19398,1
19404,0
19405,0
19409,0
19410,0
19411,0
19415,1
19417,0
19423,0
19427,1
19434,0
19435,1
19448,1
19449,0
19451,0
19454,0
19456,0
19458,0
19461,0
19462,0
19473,1
19479,0
19481,1
19487,0
19489,0
19490,0
19491,0
19493,0
19495,1
19507,1
19511,0
19515,1
19518,1
19519,0
19520,0
19522,0
19529,0
19533,1
19534,1
19538,1
19540,0
19544,1
19546,0
19547,0
19561,0
19568,0
19569,0
19575,0
19580,0
19581,0
19593,0
19609,0
19612,0
19614,0
19616,1
19617,0
19623,1
19624,0
19625,0
19628,0
19629,0
19637,0
19638,0
19645,0
19647,1
19650,0
19653,0
19657,0
19659,0
19663,0
19664,0
19665,0
19673,0
19676,0
19677,0
19678,1
19682,0
19686,0
19694,0
19701,0
19707,1
19710,0
19715,1
19718,0
19719,0
19729,0
19731,0
19740,0
19744,0
19753,1
19754,0
19758,0
19760,0
19762,0
19767,1
19768,0
19770,0
19771,0
19776,0
19778,1
19780,0
19781,1
19789,0
19790,0
19798,0
19799,1
19800,0
19801,0
19812,0
19814,1
19815,1
19819,0
19821,0
19834,0
19835,0
19838,1
19843,0
19853,0
19854,1
19855,1
19860,0
19863,0
19865,0
19869,0
19870,0
19875,1
19882,0
19884,0
19887,0
19888,1
19891,1
19892,1
19894,0
19902,0
19903,1
19906,0
19912,0
19916,0
19928,0
19931,0
19934,0
19945,0
19948,0
19951,1
19952,0
19953,0
19962,0
19963,1
19964,0
19965,0
19966,0
19967,0
19972,0
19979,0
19980,0
19981,0
19986,0
19998,0
19999,0
20000,1
20005,1
20009,1
20011,0
20014,0
20032,0
20038,0
20040,0
20042,1
20046,1
20051,1
20053,0
20056,0
20058,0
20059,0
20060,0
20063,0
20065,0
20066,1
20072,0
20079,0
20086,1
20089,1
20091,0
20097,0
20102,0
20105,0
20109,1
20110,0
20114,0
20116,0
20118,0
20119,0
20120,0
20123,0
20126,1
20128,0
20129,0
20130,0
20135,1
20141,1
20149,0
20158,0
20168,0
20179,0
20180,0
20183,0
20191,0
20195,0
20200,0
20208,0
20212,0
20221,0
20222,0
20227,1
20238,1
20248,0
20252,0
20253,0
20257,0
20261,0
20262,0
20264,0
20265,0
20268,1
20272,0
20280,0
20283,1
20284,0
20299,0
20301,1
20306,0
20307,0
20313,0
20315,0
20317,0
20319,0
20324,0
20327,1
20328,1
20332,0
20334,0
20351,0
20357,0
20360,1
20364,1
20367,0
20368,0
20373,0
20399,0
20402,1
20409,0
20411,1
20414,0
20419,0
20422,0
20425,0
20435,0
20437,1
20442,0
20446,0
20447,1
20453,1
20478,0
20480,0
20481,0
20495,0
20502,0
20503,0
20505,0
20510,0
20513,0
20516,0
20525,0
20528,0
20535,0
20536,1
20548,1
20550,0
20563,0
20565,0
20571,0
20572,0
20580,0
20581,0
20585,0
20586,0
20593,1
20595,0
20596,0
20605,0
20607,0
20614,0
20615,0
20617,1
20630,0
20633,1
20637,0
20639,1
20641,1
20642,0
20643,0
20644,0
20649,0
20651,0
20659,0
20662,0
20663,0
20666,0
20667,0
20668,0
20671,1
20674,0
20675,0
20679,0
20682,1
20684,0
20685,0
20692,0
20694,0
20697,0
20701,1
20702,0
20703,0
20705,0
20713,1
20718,1
20720,0
20724,0
20727,1
20731,0
20734,0
20736,0
20739,0
20743,0
20745,0
20746,0
20753,0
20758,0
20763,0
20775,0
20777,0
20778,0
20781,1
20790,1
20791,0
20795,0
20801,1
20802,0
20804,0
20808,0
20809,0
20811,1
20813,0
20815,0
20816,1
20818,1
20820,0
20823,0
20827,0
20828,1
20836,0
20837,0
20846,0
20856,1
20862,0
20872,0
20880,0
20881,0
20885,0
20887,0
20890,1
20896,0
20902,0
20909,1
20915,1
20930,1
20938,0
20940,0
20941,1
20942,1
20947,0
20950,1
20953,0
20955,0
20958,0
20959,1
20969,0
20970,0
20979,0
20982,0
20985,0
20991,0
20994,0
20997,0
20998,0
20999,0
21008,1
21012,1
21014,0
21015,0
21017,0
21018,0
21020,0
21026,0
21030,0
21036,1
21037,1
21043,1
21044,0
21047,0
21049,0
21052,0
21054,0
21061,0
21068,0
21072,0
21078,0
21080,0
21082,1
21091,0
21100,0
21101,0
21102,1
21103,1
21110,1
21113,0
21126,0
21130,1
21137,0
21140,0
21142,0
21144,0
21147,0
21148,1
21151,0
21152,0
21153,0
21157,0
21164,0
21168,0
21173,0
21184,0
21192,1
21194,0
21195,1
21202,0
21206,0
21207,0
21214,1
21215,0
21223,1
21224,0
21234,0
21236,0
21240,0
21244,0
21245,0
21246,0
21248,0
21250,0
21252,0
21256,0
21265,0
21267,0
21271,0
21277,0
21280,1
21283,0
21285,0
21291,1
21292,0
21294,0
21298,0
21300,0
21312,0
21320,0
21322,1
21324,0
21328,0
21329,1
21341,0
21342,1
21343,0
21349,0
21350,0
21351,0
21353,0
21354,0
21356,0
21361,0
21365,0
21367,0
21371,0
21373,0
21377,0
21380,0
21384,0
21386,0
21393,0
21394,0
21398,0
21401,0
21404,0
21405,0
21406,1
21409,0
21413,0
21420,0
21421,0
21422,0
21424,0
21428,0
21430,0
21435,0
21440,0
21443,0
21449,0
21451,0
21453,0
21457,1
21461,0
21463,0
21466,1
21471,1
21476,0
21477,1
21482,0
21501,0
21503,0
21508,1
21522,0
21528,0
21529,0
21533,0
21540,1
21547,0
21549,0
21558,0
21560,0
21562,0
21566,0
21569,0
21574,0
21576,0
21582,0
21584,0
21588,0
21596,0
21597,0
21599,1
21600,0
21601,0
21602,0
21608,1
21615,0
21616,1
21618,1
21626,0
21632,0
21633,0
21635,0
21639,0
21642,0
21643,0
21649,1
21657,0
21658,0
21660,0
21662,0
21674,1
21681,0
21691,1
21698,0
21712,1
21713,0
21716,1
21717,0
21723,0
21724,1
21732,0
21733,1
21737,0
21739,0
21740,0
21750,0
21753,0
21758,0
21770,0
21774,0
21775,0
21776,1
21781,0
21786,0
21788,0
21794,0
21801,0
21802,1
21805,0
21806,0
21807,0
21816,0
21820,0
21823,0
21830,1
21832,0
21836,0
21840,1
21845,0
21852,0
21859,0
21865,1
21866,0
21870,1
21873,0
21874,0
21888,1
21895,0
21898,0
21903,0
21904,0
21909,1
21911,0
21913,0
21914,0
21919,0
21924,0
21926,0
21932,0
21938,1
21939,0
21942,0
21948,0
21955,0
21965,1
21966,0
21967,0
21971,0
21976,1
21979,0
21983,1
21984,0
21985,0
21986,0
21987,0
21989,0
21995,0
22003,0
22011,1
22012,0
22016,0
22021,0
22034,0
22041,1
22047,0
22051,0
22052,0
22054,0
22063,1
22065,0
22069,0
22076,0
22089,0
22096,0
22098,0
22101,1
22105,1
22106,1
22107,1
22108,1
22110,1
22111,0
22116,0
22122,0
22126,1
22128,1
22130,1
22131,0
22141,0
22143,0
22149,0
22150,1
22157,0
22173,0
22176,1
22182,0
22183,0
22188,0
22195,0
22196,0
22197,1
22205,0
22207,0
22208,0
22213,0
22217,0
22219,0
22220,1
22222,0
22229,0
22230,0
22233,1
22235,0
22236,0
22245,0
22246,0
22247,0
22257,0
22259,0
22260,1
22262,0
22267,1
22271,0
22277,0
22292,1
22294,1
22300,0
22304,0
22305,0
22311,0
22313,0
22315,0
22322,0
22325,1
22327,0
22328,1
22329,0
22334,1
22335,0
22336,0
22338,0
22343,1
22346,1
22348,0
22353,1
22356,1
22357,0
22364,0
22375,0
22384,0
22386,0
22391,0
22409,0
22412,0
22413,0
22419,0
22420,0
22421,0
22422,0
22424,0
22427,0
22428,0
22435,0
22439,0
22440,1
22442,1
22443,0
22444,0
22446,0
22447,0
22457,0
22458,0
22460,1
22463,1
22464,0
22466,0
22479,0
22487,0
22490,0
22491,0
22494,0
22496,0
22499,0
22506,1
22507,0
22508,0
22510,0
22512,0
22514,0
22522,0
22524,0
22525,0
22529,0
22531,0
22546,0
22548,0
22550,0
22551,1
22560,1
22561,1
22564,0
22577,0
22581,0
22587,0
22588,1
22593,1
22601,1
22602,0
22611,0
22613,1
22624,0
22626,0
22629,0
22630,0
22635,0
22642,0
22648,0
22662,0
22670,1
22674,0
22685,0
22688,0
22689,1
22694,0
22697,0
22698,0
22705,0
22707,0
22708,0
22710,0
22711,0
22712,0
22713,0
22715,0
22718,0
22721,0
22732,0
22743,0
22748,0
22749,0
22752,0
22753,0
22755,0
22756,0
22760,0
22767,1
22768,0
22769,0
22772,0
22778,0
22780,1
22784,0
22787,0
22791,1
22794,0
22796,0
22800,0
22802,0
22807,0
22811,0
22819,0
22824,0
22825,0
22831,0
22833,0
22835,1
22839,0
22844,0
22846,0
22847,0
22849,0
22851,0
22862,0
22871,1
22872,0
22873,0
22874,0
22877,1
22886,0
22888,0
22889,0
22897,0
22905,1
22907,0
22910,0
22911,0
22917,0
22922,1
22926,0
22928,0
22929,0
22930,0
22931,0
22934,0
22940,1
22941,0
22946,0
22949,0
22954,0
22962,0
22966,0
22968,1
22976,0
22977,0
22978,0
22979,0
22982,0
22983,1
22991,1
22992,0
23000,0
23006,0
23016,0
23040,0
23044,0
23046,0
23053,1
23054,0
23061,0
23067,0
23069,0
23070,0
23071,0
23088,0
23091,0
23094,0
23095,0
23096,0
23098,0
23109,0
23112,1
23113,1
23118,0
23119,0
23121,0
23122,0
23124,0
23130,0
23131,1
23133,0
23142,0
23143,0
23151,0
23159,1
23162,1
23164,0
23167,1
23168,0
23171,1
23174,0
23177,0
23185,0
23188,0
23198,1
23200,0
23206,0
23207,0
23208,0
23212,0
23213,1
23215,0
23218,0
23220,0
23222,0
23225,0
23237,0
23241,0
23243,0
23248,0
23249,0
23257,0
23268,1
23270,0
23273,0
23276,1
23277,1
23279,0
23285,1
23288,0
23292,0
23293,0
23294,0
23295,0
23298,0
23299,0
23314,0
